{"pass@1": 0.03277439024390245, "pass@10": 0.09252864488896824}